{
    "download": {
        "titleKey":"DOWNLOAD_ADMIN_DOWNLOAD_TITLE",
        "descriptionKey":"DOWNLOAD_ADMIN_DOWNLOAD_DESCRIPTION",
        "config":"apps",
        "sectiontype":"section",
        "fields":{
            "section":{"labelKey":"DOWNLOAD_ADMIN_DOWNLOAD_SECTION_TITLE","type":"label","descriptionKey":"DOWNLOAD_ADMIN_DOWNLOAD_SECTION_DESCRIPTION"},
            "url":{"labelKey":"DOWNLOAD_ADMIN_DOWNLOAD_URL_TITLE","descriptionKey":"DOWNLOAD_ADMIN_DOWNLOAD_URL_DESCRIPTION","type":"text"},
            "downloadText":{"labelKey":"DOWNLOAD_ADMIN_DOWNLOAD_DOWNLOADTEXT_TITLE","descriptionKey":"DOWNLOAD_ADMIN_DOWNLOAD_DOWNLOADTEXT_DESCRIPTION","type":"text"},
            "instructions":{"labelKey":"DOWNLOAD_ADMIN_DOWNLOAD_INSTRUCTIONS_TITLE","descriptionKey":"DOWNLOAD_ADMIN_DOWNLOAD_INSTRUCTIONS_DESCRIPTION","type":"text"}
        },
        "sectionaddpromptkey":"DOWNLOAD_ADMIN_DOWNLOAD_ADD_PROMPT",
        "sectionindex":"string",
        "sectionaddnew":true,
        "sectiondelete":true
    }
}
