{
    "general": {
        "titleKey":"ADMIN_MODULE_GENERAL_TITLE",
        "descriptionKey":"ADMIN_MODULE_GENERAL_DESCRIPTION",
        "sectiontype":"fields",
        "fields":{
            "id": {"labelKey":"ADMIN_MODULE_GENERAL_ID_TITLE","type":"label","config":"module","section":"module","descriptionKey":"ADMIN_MODULE_GENERAL_ID_DESCRIPTION", "valueMethod":"getID"},
            "configModule": {"labelKey":"ADMIN_MODULE_GENERAL_CONFIGMODULE_TITLE","type":"label","config":"module","section":"module","descriptionKey":"ADMIN_MODULE_GENERAL_CONFIGMODULE_DESCRIPTION", "valueMethod":"getConfigModule"},
            "title":{"labelKey":"ADMIN_MODULE_GENERAL_TITLE_TITLE","type":"text","config":"module","section":"module","descriptionKey":"ADMIN_MODULE_GENERAL_TITLE_DESCRIPTION"},
            "disabled":{"labelKey":"ADMIN_MODULE_GENERAL_DISABLED_TITLE","type":"inversecheckbox","config":"module","section":"module","descriptionKey":"ADMIN_MODULE_GENERAL_DISABLED_DESCRIPTION"},
            "secure":{"labelKey":"ADMIN_MODULE_GENERAL_SECURE_TITLE","type":"checkbox","config":"module","section":"module","descriptionKey":"ADMIN_MODULE_GENERAL_SECURE_DESCRIPTION"},
            "search":{"labelKey":"ADMIN_MODULE_GENERAL_SEARCH_TITLE","type":"checkbox","config":"module","section":"module","descriptionKey":"ADMIN_MODULE_GENERAL_SEARCH_DESCRIPTION"},
            "help":{"labelKey":"ADMIN_MODULE_GENERAL_HELP_TITLE","type":"paragraph","config":"module","section":"strings","descriptionKey":"ADMIN_MODULE_GENERAL_HELP_DESCRIPTION","omitBlankValue":true}
       }
    },
    "pages": {
        "titleKey":"ADMIN_MODULE_PAGES_TITLE",
        "config":"pages",
        "descriptionKey":"ADMIN_MODULE_PAGES_DESCRIPTION",
        "sectiontype":"section",
        "fields":{
            "section":{"labelKey":"ADMIN_MODULE_PAGES_PAGE_TITLE","type":"label"},
            "pageTitle":{"labelKey":"ADMIN_MODULE_PAGES_PAGETITLE_TITLE","type":"text","class":"field0","omitBlankValue":true},
            "breadcrumbTitle":{"labelKey":"ADMIN_MODULE_PAGES_BCTITLE_TITLE","type":"text","class":"field0","omitBlankValue":true},
            "breadcrumbLongTitle":{"labelKey":"ADMIN_MODULE_PAGES_BCLONGTITLE_TITLE","type":"text","class":"field1","omitBlankValue":true}
        },
        "sectionindex":"string",
        "sectionsmethod":"getPageData",
        "sectionaddnew":true,
        "sectiontable":true,
        "sectiondelete":true
    },
    "authorization":{
        "titleKey":"ADMIN_MODULE_ACL_TITLE",
        "descriptionKey":"ADMIN_MODULE_ACL_DESCRIPTION",
        "config":"acls",
        "sectiontype":"section",
        "fields":  {
            "type":{"labelKey":"ADMIN_MODULE_ACL_TYPE_TITLE","type":"select","options":{"U":"Access","A":"Admin"}, "descriptionKey":"ADMIN_MODULE_ACL_TYPE_DESCRIPTION"},
            "action":{"labelKey":"ADMIN_MODULE_ACL_ACTION_TITLE","type":"select","options":{"A":"Allow","D":"Deny"},"descriptionKey":"ADMIN_MODULE_ACL_ACTION_DESCRIPTION"},
            "scope":{"labelKey":"ADMIN_MODULE_ACL_SCOPE_TITLE","type":"select","options":{"U":"User","G":"Group","E":"Everyone"},"descriptionKey":"ADMIN_MODULE_ACL_SCOPE_DESCRIPTION"},
            "authority":{"labelKey":"ADMIN_MODULE_ACL_AUTHORITY_TITLE","type":"select","descriptionKey":"ADMIN_MODULE_ACL_AUTHORITY_DESCRIPTION","optionsMethod":["AuthenticationAuthority","getDefinedAuthenticationAuthorityNames"],"optionsFirst":"Any","showIf":["scope",["U","G"]]},
            "value":{"labelKey":"ADMIN_MODULE_ACL_VALUE_TITLE","type":"text","showIf":["scope",["U","G"]],"descriptionKey":"ADMIN_MODULE_ACL_VALUE_DESCRIPTION"}
        },
        "showIfSiteVar":["AUTHENTICATION_ENABLED","1"],
        "sectionclearvalues":true,
        "sectionsnoneKey":"ADMIN_MODULE_ACL_NONE",
        "sectionindex":"numeric",
        "sectionvalidatemethod":["AccessControlList","validateACL"],
        "sectionsmethod":"getModuleAccessControlListArrays",
        "sectionaddnew":true,
        "sectiondelete":true
    }
}
